area_sqft,bedrooms,bathrooms,location,price
3832,5.0,4.0,Gulshan,69161859.63
2964,3.0,4.0,Model Town,65587837.26
1640,2.0,2.0,Clifton,56395585.23
1077,1.0,2.0,Clifton,33949045.41
2650,3.0,4.0,Gulberg,64314602.28
2823,4.0,4.0,Gulberg,71533511.13
1434,1.0,2.0,Gulberg,36244165.79
2764,3.0,3.0,PECHS,69294524.55
4698,5.0,5.0,PECHS,93272426.77
2739,4.0,4.0,Clifton,91217627.14
1587,,1.0,Gulshan,27909918.96
3498,4.0,3.0,North Nazimabad,45109606.47
4138,4.0,5.0,Gulshan,81622337.87
4385,5.0,4.0,PECHS,106869403.58
2580,1.0,2.0,PECHS,52667658.92
2630,4.0,4.0,Model Town,64208405.37
4851,7.0,7.0,Gulberg,148997391.3
1749,3.0,3.0,Gulberg,49629494.26
4532,,5.0,Gulshan,86927226.78
2550,2.0,1.0,DHA,87891119.28
2805,3.0,3.0,North Nazimabad,38409901.87
1935,2.0,1.0,Model Town,46666300.23
2110,4.0,3.0,Model Town,52801659.61
3653,5.0,6.0,Gulshan,66643338.02
2273,3.0,2.0,PECHS,50666632.27
3270,5.0,6.0,Gulberg,89951945.07
4827,6.0,5.0,Gulberg,127262920.72
3349,2.0,3.0,PECHS,69347105.65
1815,2.0,1.0,DHA,69908932.52
4389,6.0,7.0,North Nazimabad,64627817.45
2192,2.0,2.0,Bahria Town,66538893.03
1802,1.0,1.0,Gulberg,49322474.93
2002,3.0,3.0,DHA,68524168.6
4527,8.0,9.0,PECHS,95928138.84
1681,1.0,1.0,DHA,62246327.9
1920,3.0,3.0,Model Town,52135996.83
5122,6.0,7.0,PECHS,109521072.33
4102,4.0,5.0,Gulshan,67719787.99
1500,3.0,2.0,Gulshan,25236762.43
1854,2.0,1.0,Bahria Town,57093245.92
1212,1.0,1.0,DHA,40084289.88
1006,1.0,1.0,Gulshan,19100283.19
1016,1.0,2.0,DHA,38752336.28
2459,4.0,4.0,Model Town,55647336.19
3484,4.0,4.0,North Nazimabad,58845151.46
1840,3.0,3.0,Gulshan,28406446.36
1613,2.0,2.0,DHA,61599605.3
2658,3.0,4.0,North Nazimabad,40349273.17
1565,2.0,1.0,North Nazimabad,22410134.83
1336,1.0,2.0,North Nazimabad,21719200.69
1086,1.0,2.0,Gulshan,20462157.94
935,2.0,3.0,Clifton,33086850.71
3911,5.0,4.0,DHA,148205009.69
1348,3.0,3.0,Gulberg,40423605.91
4107,5.0,4.0,Model Town,104668309.06
5134,6.0,6.0,Model Town,136082158.19
1455,2.0,3.0,North Nazimabad,19886270.46
1358,1.0,1.0,Bahria Town,40446613.26
2243,3.0,3.0,Bahria Town,77183486.03
1309,1.0,2.0,Model Town,35426969.72
1400,2.0,3.0,DHA,59669900.24
1350,3.0,4.0,DHA,53162111.7
1523,1.0,2.0,Clifton,56083993.13
5431,7.0,7.0,Gulshan,107356076.63
2066,1.0,2.0,Clifton,70129722.81
3153,4.0,3.0,Gulshan,61196330.22
1269,1.0,2.0,DHA,50424096.95
4680,7.0,6.0,PECHS,109245301.36
1745,1.0,1.0,DHA,68921042.7
3037,5.0,5.0,North Nazimabad,50100331.73
1245,2.0,1.0,Gulberg,37192118.9
1238,3.0,3.0,PECHS,29019412.87
4753,6.0,5.0,Clifton,184846598.23
2255,3.0,4.0,Gulshan,42927855.82
812,1.0,1.0,DHA,33477761.84
3631,4.0,5.0,Model Town,82787755.04
2983,4.0,4.0,Model Town,68783980.18
4026,4.0,4.0,PECHS,91879199.96
2287,3.0,,Bahria Town,64667561.9
2991,5.0,5.0,PECHS,67601888.25
2438,3.0,3.0,PECHS,62925720.28
3689,5.0,4.0,Clifton,133943116.47
1810,3.0,2.0,Bahria Town,54443104.29
1765,1.0,1.0,Clifton,56192013.93
1428,1.0,2.0,PECHS,32697098.39
2537,3.0,3.0,DHA,95173103.35
1912,3.0,2.0,DHA,65849244.95
3645,5.0,5.0,Clifton,108195777.79
4444,8.0,7.0,Bahria Town,141012020.32
1641,3.0,4.0,Model Town,46023506.12
4409,7.0,8.0,DHA,157869842.77
2803,4.0,3.0,Clifton,90678451.83
2989,4.0,4.0,Clifton,89834275.14
1571,1.0,1.0,North Nazimabad,23168056.85
861,1.0,1.0,Bahria Town,21326414.95
3233,5.0,4.0,PECHS,70633280.28
1710,3.0,4.0,Gulberg,49887274.65
4746,5.0,4.0,Bahria Town,145360478.4
1173,1.0,1.0,Model Town,31388149.8
3820,5.0,6.0,Gulshan,76026383.63
5542,7.0,6.0,North Nazimabad,90211350.37
3825,4.0,4.0,Bahria Town,104940183.54
3091,4.0,4.0,Bahria Town,97981275.75
2476,4.0,4.0,North Nazimabad,43079119.11
2250,2.0,3.0,DHA,81815541.54
1497,2.0,3.0,Clifton,53364311.1
5769,8.0,9.0,Gulberg,141515020.47
4312,6.0,5.0,Model Town,113240007.1
2975,6.0,,North Nazimabad,49156547.83
3341,4.0,4.0,Bahria Town,102514292.9
2897,3.0,3.0,North Nazimabad,38102126.03
1854,1.0,2.0,DHA,67338873.42
4661,5.0,6.0,Model Town,114504763.43
4563,6.0,5.0,PECHS,116185439.38
2072,2.0,3.0,DHA,76040628.68
681,1.0,1.0,DHA,23992285.72
2116,2.0,3.0,Gulshan,36643565.97
1587,3.0,2.0,Gulshan,28719438.72
805,1.0,2.0,Clifton,27585585.41
2608,4.0,3.0,North Nazimabad,37583684.05
2123,4.0,3.0,Bahria Town,66333739.92
2446,3.0,3.0,Bahria Town,74058779.97
1358,1.0,1.0,Gulshan,21822555.55
926,1.0,2.0,DHA,36258901.8
1848,2.0,2.0,Gulshan,29757414.14
3887,4.0,3.0,North Nazimabad,50812674.96
3089,4.0,3.0,Gulshan,55232110.85
3055,4.0,5.0,Gulshan,57974581.36
3053,5.0,5.0,Gulberg,78747497.7
1403,1.0,2.0,North Nazimabad,24623705.17
2644,4.0,3.0,Bahria Town,82316232.48
1607,3.0,4.0,Model Town,35240375.54
2594,3.0,3.0,Gulberg,73738563.02
4480,5.0,5.0,Bahria Town,131995851.41
2860,3.0,3.0,Gulshan,49938112.37
2972,5.0,5.0,Model Town,68351611.09
3463,5.0,6.0,DHA,146483297.35
972,1.0,2.0,Clifton,36387272.62
2078,2.0,1.0,Bahria Town,65948941.0
2467,,4.0,Clifton,72999538.32
2923,3.0,4.0,PECHS,71691196.99
5017,6.0,7.0,PECHS,119264444.84
4133,5.0,6.0,North Nazimabad,67330510.07
5877,6.0,6.0,Gulshan,93843681.82
4678,7.0,8.0,Bahria Town,135909737.55
1782,2.0,1.0,North Nazimabad,29181950.14
1183,2.0,1.0,Gulshan,22172217.94
1790,1.0,1.0,Gulberg,50223105.13
2227,5.0,6.0,Model Town,63322693.23
3513,4.0,3.0,Model Town,87247742.55
1792,2.0,1.0,Clifton,55685235.4
2917,4.0,5.0,Bahria Town,95214926.88
1592,2.0,1.0,Clifton,50424632.32
5006,7.0,7.0,DHA,191633227.77
5657,7.0,7.0,Gulberg,157108354.24
3048,3.0,2.0,PECHS,61872531.8
4317,5.0,4.0,Bahria Town,140019749.23
4742,6.0,,North Nazimabad,68430768.17
3472,4.0,3.0,Bahria Town,89786035.73
2656,3.0,4.0,North Nazimabad,39794352.17
3520,5.0,4.0,Model Town,99081945.37
4729,6.0,7.0,DHA,165197264.11
957,1.0,1.0,DHA,32145163.74
1861,2.0,2.0,Model Town,40654690.99
1864,3.0,4.0,North Nazimabad,26544482.4
4078,7.0,8.0,North Nazimabad,69054359.29
1196,2.0,2.0,Gulberg,34802878.89
4153,4.0,4.0,Bahria Town,123872297.2
3636,4.0,5.0,Gulberg,106846011.59
4865,4.0,5.0,Model Town,133532288.37
1756,2.0,2.0,Bahria Town,56653036.96
4858,6.0,5.0,Model Town,109861087.01
2038,3.0,4.0,DHA,83011124.47
2511,4.0,4.0,Gulberg,73787704.16
2706,4.0,4.0,PECHS,59080189.84
1830,2.0,1.0,Gulberg,46237389.83
1890,2.0,1.0,Model Town,42693014.47
5235,7.0,7.0,PECHS,124057548.1
1032,1.0,1.0,DHA,43284137.09
1726,2.0,1.0,PECHS,39769684.23
1292,1.0,2.0,DHA,44431065.62
3853,5.0,5.0,Clifton,116426915.71
4451,7.0,8.0,Bahria Town,127132732.42
3859,6.0,6.0,Gulberg,108276415.85
2950,4.0,5.0,Gulberg,72453464.68
1829,3.0,2.0,Gulberg,54639753.0
3569,4.0,5.0,Gulberg,103881126.71
2578,4.0,4.0,DHA,97435627.13
4080,6.0,5.0,DHA,154427544.54
4247,5.0,4.0,Clifton,131867638.74
4485,4.0,5.0,Gulshan,81870006.99
4053,5.0,4.0,North Nazimabad,63426604.78
2193,1.0,2.0,Gulberg,52827320.63
2883,4.0,4.0,North Nazimabad,45287250.11
3184,5.0,4.0,Bahria Town,98704780.85
2068,2.0,1.0,PECHS,48530331.5
3026,3.0,2.0,North Nazimabad,46114769.59
3881,5.0,6.0,North Nazimabad,63183206.2
1138,2.0,1.0,PECHS,25005843.84
2626,3.0,3.0,DHA,86846633.43
852,1.0,1.0,Bahria Town,25726754.47
1513,2.0,2.0,Model Town,41614761.24
3249,5.0,5.0,Gulshan,61729468.79
853,1.0,2.0,Clifton,28908841.38
4629,6.0,6.0,PECHS,108212799.77
2979,4.0,5.0,Clifton,111817636.39
2837,4.0,3.0,Model Town,74134324.2
3838,5.0,6.0,Model Town,102099324.72
2061,4.0,5.0,DHA,73927520.65
2195,4.0,4.0,North Nazimabad,37512529.67
2479,4.0,4.0,Clifton,96845950.51
2273,3.0,2.0,Model Town,57976836.47
3436,5.0,6.0,Clifton,127940522.68
4701,6.0,7.0,Gulberg,135540670.47
3026,5.0,4.0,Model Town,80053798.63
3439,5.0,4.0,PECHS,73221337.67
3849,4.0,3.0,Clifton,119017401.11
3936,,3.0,Gulshan,63404506.76
4364,5.0,5.0,Model Town,102804708.5
2799,3.0,4.0,North Nazimabad,41214898.91
3228,4.0,3.0,Gulshan,59413152.36
2510,3.0,2.0,Clifton,73709368.87
3108,4.0,3.0,North Nazimabad,52182024.15
2412,2.0,1.0,Bahria Town,81292084.45
2087,3.0,2.0,Clifton,70560184.4
2140,3.0,2.0,PECHS,50756497.22
2933,3.0,3.0,PECHS,65052870.32
5676,8.0,9.0,DHA,202831173.45
1619,1.0,2.0,Model Town,37241412.74
1981,3.0,4.0,DHA,71797146.19
5583,7.0,6.0,PECHS,120152487.09
4232,6.0,5.0,Gulshan,81268543.45
2100,1.0,1.0,Clifton,68965116.19
4289,4.0,4.0,Gulberg,122970936.66
1721,2.0,2.0,Gulberg,49474632.94
1260,3.0,2.0,PECHS,26014347.07
3974,5.0,5.0,Clifton,148260584.92
3990,6.0,5.0,DHA,135440837.04
1256,1.0,2.0,Gulberg,32801031.1
548,1.0,1.0,PECHS,12345194.37
3749,4.0,5.0,Model Town,79742853.32
1604,2.0,1.0,Bahria Town,50217224.61
1167,2.0,1.0,North Nazimabad,19759413.59
4126,5.0,5.0,Gulberg,122456404.36
2689,2.0,1.0,Gulshan,41907112.63
1864,2.0,,PECHS,43104319.03
3073,4.0,3.0,Clifton,105987751.17
2561,3.0,3.0,Model Town,59361914.27
2260,4.0,3.0,Model Town,65679068.15
3898,5.0,4.0,DHA,152857213.75
3990,3.0,3.0,Model Town,93069186.97
1536,2.0,1.0,Model Town,40290311.63
3193,4.0,3.0,Bahria Town,95182504.88
2124,3.0,4.0,Gulberg,60099834.74
2774,3.0,2.0,Model Town,71525704.23
1712,2.0,1.0,Gulshan,32075422.69
2528,3.0,4.0,Clifton,78623482.66
3914,5.0,5.0,North Nazimabad,51359484.71
2191,1.0,1.0,DHA,77226545.78
4383,4.0,3.0,Bahria Town,141253674.59
2754,2.0,2.0,DHA,106849775.43
1626,3.0,3.0,North Nazimabad,27978107.75
1378,1.0,2.0,Clifton,46820381.83
3636,5.0,4.0,Bahria Town,115569165.32
4289,,7.0,PECHS,100259260.56
4345,6.0,7.0,Model Town,116817209.0
3516,3.0,,Model Town,93398792.2
4077,5.0,4.0,Clifton,130901548.3
3627,4.0,5.0,Bahria Town,96594445.6
4378,,7.0,Clifton,157906190.49
3035,5.0,4.0,Clifton,107491437.86
1769,2.0,2.0,North Nazimabad,25782358.68
2595,4.0,4.0,Bahria Town,82144664.96
1435,1.0,1.0,Gulberg,35439394.19
3528,4.0,5.0,Gulberg,102035513.75
2855,5.0,4.0,Gulshan,53848970.59
915,1.0,1.0,Bahria Town,29251318.01
4285,6.0,5.0,Clifton,148027492.3
1476,2.0,2.0,Gulberg,41814048.87
1768,2.0,1.0,PECHS,41270587.68
1064,2.0,2.0,Gulberg,29747685.19
4157,5.0,6.0,Model Town,110630372.99
2311,3.0,3.0,Clifton,80231765.49
2256,3.0,3.0,Gulshan,41026740.35
3173,4.0,5.0,Model Town,83640833.63
896,1.0,1.0,DHA,30289596.4
5329,6.0,7.0,DHA,210060349.11
2462,2.0,1.0,PECHS,48330313.87
2475,5.0,5.0,Clifton,75323382.69
5288,6.0,7.0,Clifton,182305810.51
2066,3.0,2.0,Clifton,78527877.35
2812,5.0,5.0,DHA,91163139.71
1928,3.0,4.0,North Nazimabad,34216698.74
1682,2.0,2.0,Bahria Town,44908047.39
2014,2.0,2.0,Model Town,48712688.01
2027,3.0,4.0,Clifton,80090879.58
2953,4.0,5.0,DHA,104835918.65
1417,2.0,3.0,North Nazimabad,21863173.97
2045,2.0,1.0,Model Town,44872917.93
1253,2.0,1.0,Clifton,38204104.28
1389,2.0,1.0,Clifton,46255565.56
1614,3.0,2.0,PECHS,41334822.17
4521,5.0,6.0,Gulberg,130048264.61
4100,6.0,7.0,Bahria Town,106995773.62
3308,4.0,5.0,Bahria Town,86517369.28
1994,3.0,4.0,Gulshan,31227798.28
4507,6.0,,PECHS,109485631.32
1390,1.0,2.0,Bahria Town,42047071.03
2316,3.0,2.0,Bahria Town,64442177.67
4191,6.0,7.0,PECHS,100532247.08
3487,5.0,6.0,PECHS,71073583.25
1815,2.0,1.0,DHA,65198141.8
3503,4.0,4.0,Bahria Town,113856822.53
4066,5.0,5.0,Model Town,105673993.08
3192,3.0,2.0,Gulshan,58854816.91
4327,5.0,4.0,Clifton,145769446.84
2482,3.0,2.0,Gulberg,65967181.6
3114,3.0,4.0,Model Town,69565134.82
3165,4.0,5.0,Bahria Town,94126700.29
644,1.0,1.0,DHA,23930835.63
5189,6.0,6.0,Clifton,173753255.25
698,1.0,2.0,Model Town,16105820.22
2477,2.0,2.0,Clifton,74243612.21
3025,4.0,3.0,DHA,125451092.98
3377,4.0,5.0,North Nazimabad,54913059.12
1969,1.0,2.0,North Nazimabad,34522560.44
1104,3.0,3.0,PECHS,25680614.77
2946,4.0,3.0,Bahria Town,75506867.36
3140,5.0,4.0,Gulshan,57146982.1
4291,6.0,6.0,Gulshan,82140255.55
3960,5.0,6.0,North Nazimabad,57553033.11
2806,5.0,6.0,PECHS,67619739.08
2289,3.0,3.0,Clifton,76368971.23
2882,3.0,2.0,Gulberg,75637205.78
942,2.0,2.0,DHA,33360055.13
2112,1.0,2.0,DHA,68168885.08
2233,3.0,2.0,Bahria Town,72446758.89
5474,8.0,7.0,North Nazimabad,87985410.16
5278,6.0,6.0,North Nazimabad,74904537.98
908,1.0,1.0,Bahria Town,27165043.28
2186,2.0,2.0,Model Town,60162717.73
5052,4.0,3.0,Bahria Town,167777123.86
2789,5.0,6.0,DHA,105068080.0
1625,2.0,1.0,Bahria Town,52422783.75
2116,2.0,3.0,Gulberg,57710321.07
3523,5.0,5.0,DHA,126587452.22
2262,3.0,3.0,Gulshan,47276495.34
2463,3.0,3.0,Model Town,63797001.41
4315,6.0,6.0,DHA,150754776.31
2407,3.0,4.0,North Nazimabad,39848529.73
5332,8.0,9.0,Model Town,150607273.84
4163,5.0,4.0,North Nazimabad,74143062.73
1854,3.0,3.0,PECHS,41769665.98
3086,3.0,2.0,Clifton,114004199.88
5008,7.0,8.0,PECHS,97062483.02
1202,2.0,1.0,DHA,49214465.14
4113,5.0,4.0,DHA,132581598.34
1996,3.0,4.0,PECHS,48258448.75
1349,2.0,1.0,Model Town,37327266.68
1221,2.0,1.0,Clifton,40635941.35
1957,2.0,2.0,North Nazimabad,32949632.83
2973,3.0,2.0,Model Town,65286518.44
2448,3.0,3.0,PECHS,54146857.48
2670,4.0,3.0,PECHS,64060844.15
1478,1.0,2.0,Clifton,44019913.95
2935,,3.0,North Nazimabad,48519710.08
1269,2.0,2.0,DHA,46373533.32
4557,5.0,6.0,Bahria Town,145546718.87
4103,4.0,3.0,Bahria Town,119790970.6
3264,4.0,3.0,DHA,113103582.26
1086,2.0,1.0,Model Town,26665025.71
643,1.0,1.0,Gulberg,17021578.73
2188,3.0,3.0,North Nazimabad,38243553.48
1488,2.0,3.0,DHA,58742162.93
3290,6.0,5.0,Model Town,76008952.45
2753,3.0,4.0,Clifton,100019840.89
871,1.0,1.0,Clifton,28062932.21
3478,4.0,3.0,North Nazimabad,45598354.28
3715,,5.0,Gulshan,63476181.54
2178,4.0,3.0,PECHS,48319081.68
3123,5.0,4.0,Gulberg,83378966.55
4469,7.0,6.0,North Nazimabad,66015080.86
1777,2.0,3.0,Model Town,43109533.94
1807,1.0,2.0,DHA,69982383.06
2172,2.0,2.0,PECHS,49176855.65
3911,4.0,5.0,Model Town,105817875.18
2087,3.0,4.0,Gulberg,62342988.66
3080,5.0,6.0,Gulberg,79937084.13
2137,3.0,3.0,Gulshan,41255521.59
1588,2.0,1.0,Bahria Town,45117147.59
5659,5.0,5.0,North Nazimabad,94436650.77
5340,7.0,6.0,Bahria Town,148613931.36
1736,3.0,2.0,Gulshan,35153913.61
2254,3.0,3.0,Gulshan,40280423.86
3224,,,Bahria Town,97721452.99
2206,2.0,2.0,Model Town,49297459.34
3497,4.0,3.0,Gulshan,58600454.61
1548,1.0,1.0,DHA,60574698.63
2190,4.0,5.0,Gulshan,43265831.32
3183,3.0,3.0,Clifton,100763946.41
4076,4.0,3.0,Clifton,126025580.0
2891,4.0,5.0,Gulberg,84880304.12
1514,3.0,3.0,Bahria Town,43502792.95
2593,3.0,2.0,Gulberg,62687881.35
1716,2.0,3.0,PECHS,41861723.94
3714,5.0,5.0,Clifton,133893666.42
4737,7.0,6.0,Gulshan,85441778.78
5211,5.0,6.0,DHA,181843033.8
1109,1.0,1.0,Bahria Town,33694343.32
1987,2.0,2.0,Clifton,69594120.2
2086,3.0,3.0,PECHS,50606058.14
884,1.0,2.0,Clifton,31767168.14
1880,1.0,1.0,PECHS,44257116.03
1609,3.0,2.0,DHA,60533537.13
2473,3.0,4.0,Gulshan,46502012.54
1508,2.0,2.0,Model Town,36875428.19
3489,5.0,4.0,DHA,117877338.87
838,1.0,1.0,Clifton,26335722.7
2395,4.0,5.0,Clifton,82661362.2
2004,2.0,2.0,DHA,66492608.09
1773,2.0,3.0,Gulberg,47883092.32
3832,5.0,6.0,DHA,139177096.61
1830,2.0,2.0,Clifton,59164716.34
3515,4.0,4.0,Model Town,83354485.52
3304,4.0,5.0,DHA,131624982.31
1692,2.0,3.0,Gulshan,30418808.31
4835,6.0,6.0,Clifton,162342886.6
3387,4.0,3.0,Clifton,112503656.2
2659,4.0,4.0,Clifton,103950420.18
4688,7.0,8.0,Model Town,110348722.16
2787,5.0,5.0,Gulshan,53610205.92
2016,3.0,4.0,PECHS,52398964.27
3007,3.0,2.0,Clifton,101072152.26
2436,4.0,3.0,DHA,84542426.77
2594,3.0,4.0,DHA,104379380.58
2645,4.0,5.0,Model Town,71681063.14
3371,5.0,4.0,Clifton,99094693.1
1738,1.0,1.0,DHA,60234635.29
1740,3.0,3.0,Bahria Town,50049686.04
4753,7.0,6.0,Gulberg,125171646.79
5466,8.0,7.0,North Nazimabad,86220112.68
4445,5.0,4.0,DHA,175157070.76
3108,4.0,4.0,Bahria Town,102538202.62
3771,6.0,6.0,PECHS,81656278.66
949,1.0,1.0,PECHS,18408489.41
1571,1.0,1.0,Model Town,35784236.29
3997,6.0,5.0,Model Town,103647974.06
2145,2.0,3.0,DHA,85535144.99
3901,5.0,4.0,North Nazimabad,62298038.34
1245,3.0,2.0,DHA,46316584.73
4064,5.0,4.0,Gulshan,71995570.21
1781,,4.0,Gulberg,44821512.34
3794,5.0,5.0,PECHS,81645114.8
2137,1.0,2.0,Clifton,64270808.64
1592,1.0,2.0,PECHS,34377565.63
2368,2.0,3.0,DHA,92223003.33
2058,4.0,3.0,Clifton,62419264.5
2400,4.0,4.0,Model Town,57214102.43
3710,5.0,6.0,Gulshan,67711672.76
1846,3.0,2.0,Clifton,68769677.1
4097,3.0,2.0,PECHS,88400956.53
2548,3.0,4.0,Model Town,65071662.26
1719,2.0,3.0,North Nazimabad,30092624.12
1227,1.0,2.0,DHA,49287870.78
1053,1.0,2.0,Bahria Town,32508682.09
3469,4.0,4.0,Gulberg,108139720.32
2547,3.0,2.0,North Nazimabad,43186692.63
2125,4.0,4.0,Model Town,52000719.71
1680,2.0,1.0,Gulberg,48568733.28
2880,4.0,4.0,Clifton,98338066.71
1702,1.0,1.0,North Nazimabad,26726086.31
2804,3.0,3.0,Gulshan,52445875.8
1899,2.0,2.0,DHA,67501133.42
1917,3.0,4.0,Clifton,74548629.02
3735,4.0,4.0,Gulshan,68376969.15
1876,3.0,2.0,Gulshan,35350625.16
3225,5.0,6.0,PECHS,79526315.6
3920,5.0,4.0,Bahria Town,105089188.61
3857,7.0,6.0,Gulshan,81554025.81
2834,3.0,,PECHS,63588141.3
4612,,6.0,PECHS,108036307.03
4230,6.0,6.0,Model Town,102136235.4
3264,4.0,5.0,Bahria Town,112206347.99
3088,3.0,2.0,Model Town,84369774.35
4822,7.0,6.0,Gulberg,134136996.5
1593,2.0,1.0,Bahria Town,48490298.16
1556,3.0,4.0,PECHS,37013743.52
4911,7.0,7.0,Model Town,124643503.44
2451,4.0,4.0,Gulberg,72685845.2
4651,6.0,6.0,Clifton,163252868.34
1189,2.0,3.0,North Nazimabad,19968390.26
4377,5.0,6.0,Bahria Town,137806694.88
963,1.0,1.0,Bahria Town,29467183.3
2117,3.0,2.0,Gulberg,56423098.8
1280,1.0,2.0,Model Town,30678693.46
1231,1.0,1.0,Clifton,43150643.5
2402,4.0,4.0,North Nazimabad,33776261.06
2171,2.0,1.0,Gulshan,33518024.92
3729,4.0,5.0,Gulshan,62930105.43
3748,4.0,4.0,PECHS,88602953.48
2408,3.0,4.0,DHA,85532454.24
2864,4.0,5.0,DHA,111242503.44
1450,3.0,3.0,Gulshan,26738979.12
4066,5.0,6.0,PECHS,93621405.04
3657,4.0,3.0,Bahria Town,101082596.26
4264,5.0,5.0,Clifton,149645101.72
1470,2.0,3.0,PECHS,31503438.99
2872,4.0,5.0,Model Town,65449685.95
2177,3.0,4.0,Clifton,77684565.69
1845,2.0,1.0,DHA,69828584.07
4271,6.0,5.0,Model Town,92333836.21
1961,3.0,3.0,DHA,64909448.47
3775,5.0,6.0,Clifton,132339594.25
2202,4.0,4.0,North Nazimabad,34682078.99
2096,5.0,4.0,North Nazimabad,29286403.18
4713,6.0,7.0,Gulberg,112120021.45
2486,3.0,4.0,Gulshan,43645404.01
2842,4.0,5.0,Bahria Town,81405416.38
4720,5.0,4.0,North Nazimabad,73423023.12
2335,3.0,2.0,Bahria Town,71763721.25
3170,3.0,3.0,DHA,121859502.15
2094,2.0,1.0,Bahria Town,61241444.75
5521,6.0,7.0,Gulberg,137347827.96
5408,6.0,6.0,Gulshan,85263917.22
2099,3.0,4.0,North Nazimabad,29219945.9
3615,4.0,4.0,Gulberg,99991308.48
2475,3.0,4.0,Gulshan,51049494.51
2018,3.0,4.0,Gulberg,54362214.83
2974,4.0,3.0,Clifton,104189329.33
1978,3.0,4.0,Clifton,70290034.22
4498,7.0,8.0,PECHS,89942405.29
4467,,5.0,North Nazimabad,69564239.35
3745,4.0,4.0,Model Town,96770031.33
3192,4.0,5.0,Bahria Town,102157622.52
3953,5.0,6.0,Model Town,84503867.41
1749,3.0,2.0,Gulshan,33980238.38
3981,5.0,4.0,Clifton,130258874.47
1556,3.0,3.0,Clifton,51375266.3
2218,3.0,4.0,PECHS,47682017.81
3277,4.0,4.0,PECHS,71205954.47
1837,3.0,2.0,Gulberg,52412119.87
2643,5.0,6.0,Gulshan,50977938.99
2287,3.0,2.0,Bahria Town,67681947.74
3597,5.0,5.0,North Nazimabad,57763573.15
2798,3.0,2.0,Gulberg,75475450.3
1872,2.0,3.0,Bahria Town,60254251.94
3097,3.0,3.0,Gulshan,47088113.2
3986,6.0,5.0,Clifton,153034217.5
1377,2.0,2.0,PECHS,31790634.64
2051,,5.0,PECHS,43562973.27
2049,2.0,2.0,Gulberg,56408885.13
1882,2.0,3.0,Gulshan,38413800.14
1427,1.0,1.0,Clifton,50641465.37
2831,4.0,5.0,Model Town,77767162.48
3877,4.0,5.0,Gulshan,75802684.6
1786,2.0,2.0,DHA,60237393.51
2862,3.0,3.0,North Nazimabad,49818295.33
2916,4.0,3.0,Clifton,112386322.86
2833,3.0,4.0,Bahria Town,72546075.42
1759,3.0,2.0,DHA,59329562.66
2435,4.0,4.0,Gulberg,66617065.68
2410,3.0,4.0,Model Town,59407495.67
3879,4.0,3.0,Model Town,88645461.71
1136,2.0,2.0,Clifton,36262652.64
1865,2.0,3.0,PECHS,39838085.63
2760,3.0,3.0,DHA,90743627.72
3244,4.0,4.0,PECHS,70759903.15
3195,4.0,3.0,Gulshan,64147358.61
2385,5.0,4.0,Clifton,91097932.92
1918,2.0,3.0,Bahria Town,50378688.53
1035,1.0,2.0,Gulberg,27762743.43
1944,2.0,2.0,Clifton,72743664.57
2938,5.0,,Bahria Town,87539988.48
3334,5.0,4.0,Clifton,116575441.75
1467,3.0,4.0,PECHS,36392196.28
2312,3.0,2.0,Clifton,67995378.09
946,1.0,2.0,North Nazimabad,14764644.64
3882,6.0,5.0,Model Town,87871015.24
2963,4.0,4.0,Model Town,81358580.08
3358,4.0,3.0,Gulshan,61764735.83
1847,2.0,,Bahria Town,58231259.72
3300,4.0,3.0,PECHS,74335386.06
2470,1.0,1.0,DHA,88831823.22
514,1.0,,Bahria Town,15001580.72
3934,5.0,6.0,Gulshan,75785781.11
2534,4.0,5.0,Gulshan,41478328.43
1291,1.0,1.0,Model Town,28827987.58
3344,4.0,3.0,Model Town,89126753.46
3370,5.0,5.0,Gulberg,103016165.97
2413,3.0,2.0,Gulberg,74442067.1
2682,3.0,2.0,Clifton,95287859.92
2905,3.0,4.0,Bahria Town,83178682.2
2681,3.0,3.0,PECHS,61843845.66
1484,1.0,1.0,Bahria Town,37330293.31
3375,3.0,2.0,Gulberg,79706163.42
4037,6.0,6.0,DHA,158085145.66
1999,3.0,2.0,PECHS,42134519.2
1166,1.0,1.0,DHA,44052015.17
1371,2.0,1.0,DHA,43527864.29
3149,5.0,5.0,PECHS,82773536.02
1636,2.0,2.0,DHA,63926250.4
1578,1.0,1.0,Gulberg,37786709.92
2165,2.0,3.0,PECHS,50303240.38
4326,5.0,6.0,Gulberg,123578095.18
4818,6.0,6.0,Gulshan,86165574.77
1998,4.0,5.0,Clifton,73040411.03
1625,2.0,3.0,Clifton,49138628.63
4931,,5.0,Gulberg,141029721.15
1472,3.0,2.0,Bahria Town,37952737.57
3607,4.0,4.0,Gulberg,89934599.48
1878,2.0,2.0,Clifton,63723385.0
1830,2.0,3.0,Gulshan,34580372.1
887,1.0,1.0,DHA,30816685.24
1256,2.0,1.0,Clifton,40297638.47
2952,5.0,4.0,Gulshan,49913760.38
1166,1.0,1.0,Bahria Town,34382299.38
1860,3.0,3.0,Gulberg,54269629.4
2449,3.0,2.0,PECHS,48089155.48
3283,5.0,4.0,North Nazimabad,57537819.74
673,2.0,1.0,Bahria Town,20359197.39
914,1.0,2.0,North Nazimabad,16686729.46
1405,1.0,1.0,North Nazimabad,17925447.41
1396,3.0,2.0,Gulshan,26513959.92
1811,2.0,2.0,Gulshan,34375668.91
3547,4.0,5.0,Bahria Town,114502757.97
4033,5.0,6.0,DHA,157761103.94
3165,6.0,6.0,Clifton,111526077.48
2264,2.0,2.0,Bahria Town,63866641.65
1455,1.0,1.0,North Nazimabad,21062485.95
2936,3.0,4.0,Model Town,72989413.21
1203,1.0,1.0,Clifton,35736314.07
2838,4.0,5.0,Model Town,78076900.21
2028,2.0,2.0,Gulshan,35680141.95
913,2.0,2.0,PECHS,19353458.35
3059,2.0,1.0,Bahria Town,95696013.46
1432,3.0,3.0,Gulberg,36730405.42
3596,5.0,6.0,DHA,121927055.75
2390,4.0,3.0,Clifton,82201443.47
3470,5.0,5.0,Gulshan,54643839.92
3154,5.0,4.0,Gulberg,96545135.29
2802,4.0,,Bahria Town,92341809.5
3457,5.0,6.0,Model Town,90874019.3
1491,1.0,2.0,DHA,55352545.7
3038,3.0,4.0,Gulshan,52381340.61
3331,4.0,3.0,Gulshan,59056763.65
3484,5.0,6.0,Clifton,113876380.44
1788,1.0,1.0,Model Town,43578200.45
4457,5.0,6.0,Gulberg,115136441.61
3786,5.0,6.0,Bahria Town,116700745.18
4193,6.0,7.0,Model Town,103239251.79
3291,4.0,5.0,PECHS,79661582.8
1276,1.0,2.0,Clifton,40303594.13
2016,3.0,3.0,North Nazimabad,31397663.2
3445,5.0,6.0,Gulshan,65127299.4
3266,3.0,2.0,Bahria Town,92806211.75
4015,6.0,7.0,North Nazimabad,62637835.06
2163,3.0,4.0,Model Town,53623570.16
2124,3.0,3.0,PECHS,47438018.68
1472,2.0,2.0,DHA,55336699.62
2696,4.0,3.0,Gulberg,71448918.4
2326,3.0,3.0,Model Town,59472799.97
2310,2.0,2.0,Model Town,63631419.51
2461,4.0,3.0,Bahria Town,71503245.89
1864,2.0,3.0,Model Town,47101515.64
540,1.0,2.0,Clifton,17522026.01
3392,5.0,4.0,DHA,132865756.82
1004,1.0,2.0,Gulshan,18775705.88
3711,4.0,4.0,Gulshan,56069276.17
2544,3.0,3.0,Gulshan,46105865.19
723,1.0,2.0,DHA,24640386.45
2001,2.0,3.0,North Nazimabad,27936920.69
2206,2.0,2.0,PECHS,51605072.71
4077,6.0,6.0,Clifton,129217990.46
1435,1.0,2.0,North Nazimabad,20646937.8
1052,1.0,1.0,Model Town,23901315.2
2641,,1.0,Clifton,86337545.54
1693,1.0,2.0,Gulshan,28492606.57
3371,3.0,3.0,Bahria Town,93090247.79
3138,4.0,4.0,DHA,114116961.48
1725,1.0,1.0,Clifton,63566856.1
2253,2.0,3.0,Gulshan,37877516.92
3070,4.0,3.0,Gulshan,52079225.61
3058,3.0,3.0,Clifton,115577696.37
1472,1.0,2.0,Gulberg,40633409.71
3350,5.0,4.0,North Nazimabad,59437629.68
2317,3.0,2.0,Gulshan,39151736.99
3480,4.0,3.0,Clifton,115810163.5
4564,6.0,6.0,North Nazimabad,71031287.01
1392,3.0,3.0,DHA,49317994.71
2721,5.0,5.0,Clifton,87162371.07
4407,8.0,9.0,DHA,149395506.76
1773,2.0,3.0,Gulberg,55953979.64
3053,3.0,2.0,Gulberg,87126638.03
2100,3.0,4.0,North Nazimabad,34220676.76
3049,4.0,3.0,PECHS,69170815.14
2436,4.0,3.0,North Nazimabad,35055861.85
1751,2.0,1.0,DHA,54981319.86
3434,4.0,5.0,Gulberg,91924227.02
2724,,5.0,Gulberg,73299528.52
2148,3.0,2.0,DHA,79427890.58
3493,6.0,6.0,Gulberg,107666762.0
2655,4.0,3.0,Model Town,60062492.12
2950,3.0,4.0,PECHS,62754365.47
4123,3.0,4.0,Gulshan,66560370.76
1422,1.0,2.0,Model Town,35132209.14
3226,3.0,4.0,Clifton,118471342.29
1314,3.0,2.0,Gulberg,39485545.99
2962,4.0,3.0,Gulshan,50424471.51
1442,2.0,2.0,Model Town,32779711.76
2566,3.0,3.0,Gulberg,63902416.01
1652,2.0,2.0,North Nazimabad,24248683.22
1206,1.0,2.0,Clifton,40887058.09
1012,1.0,1.0,PECHS,20020757.8
2050,2.0,1.0,North Nazimabad,28436724.81
2368,3.0,4.0,DHA,87625278.54
2488,4.0,5.0,Clifton,82377827.13
1068,2.0,2.0,Gulshan,18578701.32
3172,4.0,4.0,PECHS,76094383.58
3678,5.0,4.0,Gulshan,68968242.6
1601,3.0,3.0,PECHS,34312033.59
2763,3.0,3.0,Clifton,98624411.74
3565,3.0,,Bahria Town,117894332.63
4751,5.0,5.0,Gulshan,90243488.14
4474,6.0,5.0,Bahria Town,119846137.02
3237,3.0,4.0,Gulshan,57634192.16
1037,1.0,1.0,Model Town,25515400.52
1713,2.0,3.0,North Nazimabad,26635662.31
2422,3.0,2.0,Gulberg,68231181.46
3094,3.0,3.0,PECHS,62375977.03
2165,3.0,3.0,Clifton,68082969.2
4672,5.0,4.0,North Nazimabad,62541594.48
1079,1.0,2.0,Clifton,34472593.26
4141,5.0,4.0,Model Town,102363062.15
1817,4.0,4.0,Model Town,45419496.9
2139,,3.0,North Nazimabad,33970867.97
2337,3.0,,Gulshan,42710148.02
1468,2.0,3.0,North Nazimabad,22033793.86
3444,5.0,4.0,DHA,137678403.68
2519,4.0,4.0,Gulberg,67097787.18
3488,5.0,6.0,North Nazimabad,55124999.34
2499,3.0,3.0,DHA,85127391.03
1700,3.0,2.0,Model Town,39611725.92
5476,6.0,5.0,Gulshan,97497287.11
1331,2.0,1.0,Model Town,32918279.31
1480,4.0,4.0,Clifton,50127905.76
4430,5.0,4.0,North Nazimabad,64118940.44
2083,3.0,3.0,Gulshan,33170877.16
1510,2.0,2.0,Model Town,36100891.46
2913,3.0,4.0,DHA,104134989.39
1408,3.0,3.0,Gulberg,43417532.88
2116,3.0,4.0,Model Town,56881757.27
2731,4.0,3.0,Bahria Town,73422505.99
1734,3.0,2.0,DHA,59179827.89
1774,2.0,3.0,Model Town,46342291.2
1476,2.0,3.0,Gulberg,42396319.66
2548,3.0,2.0,Gulberg,67202484.18
1657,1.0,1.0,DHA,55796651.31
5126,7.0,8.0,North Nazimabad,89841774.54
2435,3.0,3.0,Gulberg,61380611.8
5123,7.0,8.0,North Nazimabad,71995161.79
2045,2.0,1.0,Gulberg,51819572.34
2023,,2.0,Gulshan,39575525.84
2311,5.0,5.0,Gulshan,42528587.4
2218,2.0,3.0,Gulberg,50136370.26
1728,2.0,3.0,Bahria Town,48645513.6
2546,4.0,3.0,Gulberg,65634463.66
1806,2.0,2.0,North Nazimabad,25817699.1
2334,2.0,1.0,Bahria Town,59690051.58
2378,3.0,2.0,Gulberg,64506640.34
3374,4.0,3.0,DHA,110955063.1
1990,2.0,2.0,PECHS,49098451.37
1364,2.0,1.0,DHA,55022386.55
2845,5.0,4.0,North Nazimabad,48269252.92
1790,2.0,3.0,Gulshan,35238276.46
1860,1.0,1.0,Clifton,67992460.6
1983,2.0,2.0,PECHS,41083188.8
3668,5.0,4.0,Model Town,98672057.71
1968,2.0,3.0,Gulshan,33537876.93
1363,1.0,1.0,North Nazimabad,21965271.0
3128,6.0,6.0,North Nazimabad,45936917.71
2231,3.0,4.0,Bahria Town,67162205.98
4190,6.0,6.0,Model Town,105579739.8
4734,7.0,8.0,Model Town,129768583.37
4330,6.0,7.0,Clifton,155402210.95
2400,3.0,3.0,Bahria Town,71236047.35
2480,3.0,3.0,Clifton,90170378.3
1187,1.0,2.0,Model Town,30782597.38
1888,3.0,,Gulshan,36549568.71
4265,5.0,6.0,Bahria Town,118752390.91
2858,4.0,4.0,Clifton,106183856.05
2077,3.0,2.0,North Nazimabad,34280903.56
2102,2.0,1.0,Clifton,75645454.33
1647,2.0,1.0,Model Town,39418268.56
2056,2.0,1.0,Model Town,58220937.47
3059,5.0,4.0,DHA,108148628.18
1995,3.0,2.0,PECHS,47534409.87
1369,2.0,2.0,DHA,52542844.1
3250,5.0,6.0,Gulberg,82025774.11
985,2.0,2.0,DHA,36285526.74
4650,6.0,7.0,Gulshan,82250406.55
2936,3.0,4.0,Clifton,98850304.76
4527,7.0,7.0,Gulshan,86625063.41
1360,2.0,3.0,DHA,51313442.38
1983,3.0,4.0,Model Town,52825864.73
2348,3.0,3.0,North Nazimabad,36777854.45
4672,6.0,5.0,Gulberg,119566621.27
3292,3.0,3.0,Gulberg,84570909.07
2354,,3.0,DHA,77360388.21
5423,6.0,6.0,DHA,181291006.49
3078,4.0,5.0,Gulberg,79188261.07
2433,,4.0,Clifton,80754704.84
1857,1.0,2.0,DHA,58261740.53
1326,2.0,2.0,DHA,52779579.25
3276,4.0,3.0,PECHS,70719015.29
2108,3.0,4.0,Gulshan,34466685.82
1295,2.0,2.0,Model Town,34457193.85
4527,7.0,8.0,Model Town,100585462.14
3405,5.0,6.0,Clifton,126427881.37
2721,3.0,3.0,PECHS,59296361.47
2311,3.0,3.0,Gulberg,67449816.87
953,1.0,2.0,North Nazimabad,14957884.41
5027,7.0,,DHA,186398419.75
748,1.0,2.0,Bahria Town,21278307.46
2411,3.0,4.0,DHA,96016721.93
1800,3.0,3.0,North Nazimabad,24951110.03
1115,2.0,2.0,Gulshan,18907252.96
2534,5.0,4.0,DHA,104410546.45
3453,4.0,4.0,Bahria Town,102380156.67
2478,4.0,4.0,PECHS,61997837.5
3048,4.0,3.0,DHA,118833289.98
4158,5.0,5.0,Clifton,159385117.29
1384,1.0,1.0,Bahria Town,35745739.0
2532,2.0,1.0,PECHS,48822559.59
3514,4.0,5.0,PECHS,85159458.17
1794,2.0,2.0,Gulshan,35743830.46
1568,2.0,2.0,Model Town,36256172.82
2181,3.0,2.0,Clifton,79523656.63
1259,2.0,1.0,Gulberg,37401584.3
3804,5.0,5.0,Gulshan,68129862.76
2206,2.0,3.0,DHA,74457113.77
1064,,3.0,Gulberg,30625522.79
3428,4.0,3.0,Model Town,82165160.17
2551,4.0,5.0,Clifton,94204626.7
3128,3.0,3.0,Bahria Town,96452174.9
3948,5.0,5.0,PECHS,93045147.09
2333,3.0,2.0,Gulberg,67714862.91
4299,6.0,6.0,North Nazimabad,76094902.47
3113,3.0,3.0,DHA,116112567.04
2935,4.0,4.0,Gulberg,85286612.49
1670,1.0,1.0,DHA,59207751.2
4127,3.0,4.0,PECHS,104020918.69
4770,5.0,5.0,DHA,194499730.63
2077,2.0,1.0,Clifton,73352140.29
1001,1.0,2.0,DHA,34523032.61
5107,5.0,4.0,Model Town,131111169.49
1803,2.0,2.0,Model Town,40134013.86
2897,5.0,5.0,Clifton,112326590.54
1451,2.0,1.0,Model Town,34434135.32
5263,7.0,7.0,Gulshan,108216440.93
1879,2.0,,North Nazimabad,27073470.74
4060,5.0,5.0,Gulshan,63632533.15
3627,5.0,5.0,Model Town,87498067.76
4757,7.0,8.0,PECHS,122036093.04
1596,2.0,2.0,Clifton,54342645.32
2741,4.0,5.0,Gulberg,78711651.27
3502,5.0,4.0,Clifton,106665814.36
1132,,1.0,Bahria Town,37241254.87
1688,2.0,2.0,Gulberg,46680824.91
2244,2.0,3.0,Gulberg,57496438.93
4798,6.0,7.0,North Nazimabad,65851948.01
1220,1.0,2.0,Bahria Town,37914245.81
2546,4.0,4.0,Gulberg,77607950.96
2280,4.0,3.0,Model Town,52029080.06
3748,4.0,5.0,DHA,138467752.3
3069,3.0,4.0,Gulshan,61733109.44
5196,8.0,9.0,Clifton,171949485.55
4638,6.0,6.0,Gulshan,82038384.88
3457,4.0,3.0,DHA,121913256.34
2775,5.0,6.0,Gulberg,72597787.39
1667,3.0,3.0,Bahria Town,55197699.35
1987,1.0,1.0,Bahria Town,58004973.93
3044,5.0,4.0,Model Town,79406002.34
3656,4.0,3.0,North Nazimabad,52967067.04
3571,5.0,5.0,North Nazimabad,58440720.38
2125,3.0,3.0,Bahria Town,67266725.57
1581,2.0,2.0,DHA,54644570.16
4129,5.0,5.0,Gulberg,111121183.48
2020,3.0,2.0,Model Town,54984081.51
2153,3.0,3.0,Gulberg,53951573.74
2631,4.0,4.0,Gulberg,64817362.55
3217,4.0,4.0,PECHS,75910946.01
2946,3.0,2.0,North Nazimabad,36470441.65
3724,3.0,2.0,Gulshan,75632941.43
2486,2.0,1.0,DHA,90823026.2
3084,3.0,3.0,Bahria Town,92190260.19
1723,2.0,1.0,PECHS,39943791.36
1371,2.0,3.0,Bahria Town,43108794.36
3561,4.0,3.0,PECHS,69204958.42
1502,3.0,4.0,PECHS,34482157.6
3830,3.0,3.0,Bahria Town,126787683.45
2020,3.0,3.0,North Nazimabad,29372537.82
3719,5.0,6.0,Gulberg,104679259.03
1145,1.0,2.0,Gulberg,28791022.69
3463,3.0,4.0,Gulberg,97593235.46
3221,4.0,3.0,Bahria Town,98226537.49
981,1.0,1.0,Gulberg,26522656.73
1944,2.0,2.0,Gulshan,32169018.96
3019,4.0,5.0,PECHS,76846760.83
1888,2.0,3.0,Bahria Town,61095759.72
3831,5.0,4.0,PECHS,86717967.8
2698,,4.0,North Nazimabad,46205579.45
1889,2.0,3.0,North Nazimabad,26931935.47
2310,3.0,2.0,Gulshan,39899246.49
5380,6.0,7.0,DHA,203118119.56
2121,4.0,5.0,Gulshan,43890460.63
1656,3.0,2.0,Model Town,48878422.75
2153,2.0,3.0,PECHS,43418817.28
4393,6.0,7.0,Bahria Town,136540150.14
1889,2.0,3.0,Model Town,44200195.17
2028,3.0,2.0,DHA,68583361.31
2173,2.0,3.0,Gulshan,36695851.7
3181,4.0,5.0,Model Town,87459329.1
4343,6.0,5.0,North Nazimabad,76522638.36
3547,4.0,4.0,Clifton,118891496.64
1837,1.0,1.0,Clifton,61872506.59
1416,1.0,2.0,Gulshan,26229492.93
2173,3.0,3.0,Gulshan,35957637.44
1681,3.0,4.0,Bahria Town,51900335.98
3495,4.0,4.0,Clifton,115572107.47
2743,2.0,2.0,Bahria Town,78808981.84
3365,3.0,2.0,Clifton,113080005.18
2997,4.0,3.0,North Nazimabad,52760682.2
1304,1.0,2.0,Bahria Town,35189055.26
4234,5.0,4.0,Gulshan,71325278.32
2038,2.0,2.0,Gulshan,37890819.95
1995,2.0,3.0,Gulshan,40278312.93
3141,4.0,3.0,DHA,129432622.87
1791,3.0,,DHA,63188544.42
1971,2.0,2.0,Gulshan,33973478.55
2541,4.0,4.0,North Nazimabad,36497807.14
921,2.0,1.0,PECHS,20501673.0
2595,3.0,3.0,Gulberg,71994339.53
3391,4.0,3.0,Bahria Town,86455156.82
2866,2.0,2.0,DHA,94476450.31
2466,2.0,1.0,Gulshan,39372806.57
3666,4.0,3.0,DHA,142177298.27
3277,3.0,,Clifton,108485897.56
1620,1.0,2.0,DHA,65284572.58
2967,5.0,4.0,Bahria Town,84962923.88
3100,5.0,5.0,Gulberg,81520144.83
2015,2.0,1.0,Model Town,46471062.44
3737,5.0,5.0,Clifton,142959199.33
1988,1.0,2.0,Clifton,62107130.93
1528,1.0,2.0,Bahria Town,47974366.04
2381,3.0,3.0,Model Town,58895726.14
1124,2.0,3.0,PECHS,25219228.94
4781,7.0,7.0,PECHS,118201160.06
1154,2.0,2.0,Clifton,43426574.9
2238,3.0,2.0,Model Town,54833100.69
2906,3.0,3.0,Gulberg,73192405.16
4062,5.0,5.0,Bahria Town,117377250.55
2969,2.0,2.0,Model Town,72865099.5
3091,2.0,1.0,Bahria Town,80548587.25
2363,3.0,4.0,Bahria Town,69208791.02
1674,3.0,2.0,North Nazimabad,24586113.53
4854,6.0,7.0,PECHS,106330230.12
3194,1.0,2.0,Clifton,115919520.91
661,2.0,2.0,North Nazimabad,11392295.52
3129,4.0,5.0,North Nazimabad,49703406.02
3150,3.0,3.0,Bahria Town,95667532.04
2314,3.0,4.0,PECHS,51824407.35
3108,3.0,3.0,North Nazimabad,39328852.51
2421,3.0,3.0,Bahria Town,68353285.99
683,1.0,1.0,Model Town,16728301.96
4352,3.0,4.0,PECHS,104935503.53
1958,1.0,2.0,Model Town,45814505.3
4271,7.0,7.0,Gulshan,78642504.07
3126,3.0,2.0,PECHS,65551595.37
3701,5.0,5.0,Gulberg,111760320.25
3876,5.0,5.0,DHA,153197064.06
1272,2.0,1.0,Bahria Town,39910560.56
3203,5.0,6.0,Bahria Town,93807374.02
2717,3.0,3.0,Gulshan,42688840.9
1010,1.0,1.0,Model Town,21634002.49
3942,,,Gulberg,111197831.96
1933,4.0,4.0,DHA,71264545.16
1548,,1.0,Gulberg,42345756.03
2224,3.0,2.0,Gulshan,36335325.99
4727,4.0,4.0,DHA,187577329.18
2468,1.0,1.0,Clifton,76613101.68
2963,4.0,5.0,Gulshan,52072033.82
5209,6.0,5.0,Gulberg,144741725.26
2799,3.0,,DHA,100167563.27
2684,4.0,4.0,North Nazimabad,36878673.01
3320,4.0,5.0,North Nazimabad,57573587.89
755,1.0,1.0,PECHS,18633705.58
2554,3.0,2.0,Gulshan,45140728.81
1669,4.0,3.0,Bahria Town,56317467.02
1399,2.0,2.0,Gulberg,39677169.42
1916,4.0,4.0,PECHS,48759425.08
2695,4.0,3.0,PECHS,63421048.48
3615,5.0,5.0,Gulshan,61766459.55
1807,3.0,4.0,DHA,69545098.16
2888,3.0,3.0,DHA,107307214.21
3002,3.0,3.0,DHA,101715844.58
2210,3.0,4.0,Bahria Town,61116133.58
2455,2.0,1.0,North Nazimabad,35721617.8
2932,3.0,2.0,Bahria Town,83701000.08
2618,4.0,5.0,Clifton,83078371.02
3522,4.0,5.0,Clifton,116867684.29
2569,4.0,4.0,PECHS,56487708.41
4165,5.0,4.0,North Nazimabad,60100597.6
4576,5.0,5.0,Gulshan,88387776.02
2817,3.0,2.0,Clifton,102674586.99
2512,4.0,4.0,Gulberg,67375294.26
2959,4.0,5.0,Gulshan,47320742.12
3918,5.0,5.0,DHA,140432859.58
4683,6.0,5.0,North Nazimabad,64079005.06
3882,5.0,6.0,PECHS,76461214.68
2371,1.0,2.0,Clifton,78904931.86
3193,4.0,3.0,Gulshan,55344924.55
2098,3.0,3.0,DHA,69474929.19
1564,1.0,2.0,Bahria Town,48076019.62
1038,1.0,2.0,DHA,40001754.9
1540,3.0,4.0,Clifton,45905668.11
3176,4.0,3.0,North Nazimabad,49864149.13
2285,3.0,3.0,DHA,88697931.35
1740,2.0,1.0,Gulshan,25849503.89
1096,2.0,3.0,North Nazimabad,16655880.85
2644,2.0,2.0,DHA,99587091.95
2063,3.0,2.0,Bahria Town,57780128.21
1687,2.0,2.0,Clifton,61476071.94
1679,2.0,1.0,Model Town,42849261.52
3089,4.0,5.0,Clifton,112491343.15
2163,3.0,4.0,Bahria Town,66016707.95
3312,3.0,4.0,Clifton,101751670.91
3464,5.0,4.0,North Nazimabad,46901910.2
1982,4.0,3.0,DHA,69715922.97
1745,2.0,2.0,Bahria Town,51810819.17
3314,3.0,4.0,Model Town,73462974.96
1659,1.0,1.0,Model Town,39834362.08
3221,4.0,4.0,Clifton,111195365.46
4095,6.0,5.0,Gulberg,99127284.37
1479,2.0,3.0,DHA,54018358.23
1596,2.0,2.0,Gulshan,26436850.29
5840,7.0,8.0,Model Town,136249232.54
3002,5.0,6.0,PECHS,71026931.11
2003,3.0,4.0,PECHS,46127272.89
802,1.0,2.0,North Nazimabad,11120260.23
1836,3.0,3.0,North Nazimabad,34356994.36
4193,5.0,5.0,North Nazimabad,59408764.84
4954,7.0,8.0,Gulberg,139330115.3
1769,1.0,2.0,Clifton,65225338.07
5058,7.0,7.0,Gulshan,90409007.05
3781,5.0,4.0,DHA,143138060.75
3472,4.0,4.0,Bahria Town,107173676.76
1423,2.0,1.0,Model Town,30675792.71
1671,1.0,2.0,DHA,59849883.79
2464,2.0,2.0,PECHS,54087667.5
2434,3.0,2.0,Model Town,62148343.87
951,1.0,1.0,North Nazimabad,14967756.04
3517,5.0,5.0,PECHS,87286616.13
744,1.0,1.0,North Nazimabad,13708851.12
3457,3.0,2.0,Model Town,84085487.13
3505,4.0,4.0,North Nazimabad,60338286.87
4383,6.0,6.0,Clifton,131403877.82
1621,1.0,1.0,North Nazimabad,25873285.21
2084,3.0,4.0,Gulshan,35240793.06
1824,1.0,1.0,PECHS,40255060.09
3500,4.0,3.0,DHA,129143883.55
4489,6.0,5.0,Clifton,171511380.02
2056,4.0,3.0,Gulshan,33313584.59
1075,1.0,2.0,North Nazimabad,16641218.13
2929,3.0,3.0,Gulberg,90585021.75
3612,5.0,4.0,DHA,139351126.89
1975,3.0,3.0,Model Town,41247683.13
2102,3.0,3.0,Model Town,55824158.93
5096,8.0,7.0,DHA,164661558.0
2795,3.0,3.0,Bahria Town,75912713.14
3541,6.0,7.0,Clifton,132908823.55
2322,2.0,1.0,Bahria Town,59486930.15
1092,2.0,,North Nazimabad,15158627.8
988,1.0,2.0,DHA,31718301.27
2358,2.0,1.0,Clifton,77205621.76
4503,6.0,,North Nazimabad,70503679.23
2100,3.0,4.0,Clifton,76564368.1
1250,1.0,2.0,North Nazimabad,16977048.22
1076,2.0,1.0,DHA,43887805.73
1457,1.0,1.0,Gulberg,37604743.83
822,1.0,2.0,Gulberg,23931648.52
3055,3.0,2.0,Gulshan,58273940.34
1974,1.0,1.0,DHA,65056960.34
4459,3.0,2.0,PECHS,90488184.43
4676,7.0,6.0,PECHS,104306925.16
2973,3.0,2.0,Gulberg,84494724.09
1407,2.0,1.0,Gulshan,27097797.02
1807,4.0,4.0,Bahria Town,52478697.4
4827,5.0,4.0,Clifton,165128670.72
3435,5.0,6.0,Gulshan,63681016.01
1447,2.0,3.0,North Nazimabad,19870382.51
2981,3.0,3.0,Bahria Town,87491381.74
4092,6.0,7.0,Gulshan,78112898.12
3798,5.0,5.0,Gulshan,63118742.22
2306,1.0,1.0,Bahria Town,57050818.88
5212,6.0,7.0,Gulberg,137659488.34
4421,5.0,5.0,North Nazimabad,67225143.37
2241,4.0,4.0,Gulberg,65949341.21
2227,2.0,2.0,North Nazimabad,34780693.64
1233,1.0,1.0,Gulshan,25726015.19
2874,5.0,6.0,Bahria Town,81813086.5
2006,3.0,4.0,Bahria Town,60179594.75
629,1.0,2.0,Gulshan,11995642.4
1379,2.0,2.0,Gulberg,35315734.77
4224,5.0,6.0,Clifton,150951069.73
1016,1.0,1.0,North Nazimabad,18212342.13
3120,4.0,3.0,North Nazimabad,45521845.83
3796,4.0,5.0,PECHS,84636346.89
4588,7.0,8.0,Gulshan,97158201.57
2021,2.0,1.0,Gulberg,48607395.75
4782,5.0,4.0,Clifton,163752751.58
4597,5.0,4.0,Bahria Town,131905110.72
3316,3.0,3.0,Bahria Town,106880931.83
1489,2.0,3.0,Model Town,36257290.58
3390,4.0,3.0,DHA,121887777.4
2842,5.0,4.0,North Nazimabad,39286373.56
1757,2.0,2.0,Gulberg,48120917.8
3470,4.0,4.0,Clifton,118992705.81
1775,2.0,3.0,Gulberg,45481385.47
1383,2.0,2.0,DHA,57448458.72
2458,3.0,3.0,DHA,90739749.27
1897,4.0,4.0,Gulshan,31425683.38
3857,5.0,4.0,Gulshan,67064641.58
4202,5.0,,Gulberg,132457497.02
2075,2.0,1.0,Gulshan,33096817.9
3306,4.0,4.0,Clifton,111609620.19
1507,2.0,1.0,Bahria Town,40489717.09
2326,3.0,3.0,DHA,83805614.42
2713,4.0,3.0,Clifton,81892225.58
1830,3.0,2.0,DHA,74880631.75
1688,3.0,3.0,Clifton,60741627.37
3211,3.0,4.0,Clifton,102733763.31
5503,6.0,5.0,Clifton,216067527.74
1452,2.0,2.0,PECHS,32979388.9
2265,2.0,1.0,Bahria Town,63501960.46
2285,3.0,2.0,Clifton,70490791.0
1843,2.0,3.0,Gulshan,37122199.83
3396,5.0,5.0,North Nazimabad,58839608.46
2341,3.0,2.0,DHA,83327781.51
1379,1.0,1.0,Bahria Town,40820162.54
3504,,4.0,DHA,113011311.25
1765,,1.0,Bahria Town,50297878.91
2080,3.0,3.0,Clifton,69904092.82
3319,6.0,7.0,Model Town,92994571.95
1851,3.0,2.0,Clifton,60917546.72
3649,5.0,4.0,Gulshan,67776388.26
3486,4.0,3.0,Gulberg,97474902.63
2124,1.0,1.0,Gulshan,38655237.45
2693,4.0,3.0,Model Town,63318360.98
3811,4.0,3.0,PECHS,89262965.72
3236,4.0,3.0,Gulshan,62514535.85
3866,4.0,3.0,Gulberg,102728811.63
1725,3.0,3.0,North Nazimabad,28912991.7
815,1.0,2.0,Bahria Town,25473242.61
1477,3.0,2.0,Gulshan,24275762.41
934,1.0,2.0,Model Town,20012517.32
2636,4.0,4.0,Gulberg,75841944.07
4055,4.0,3.0,Model Town,99844468.66
1036,2.0,2.0,Model Town,26010537.69
5429,8.0,9.0,Clifton,210416788.43
4187,6.0,7.0,Clifton,136663058.65
3419,5.0,4.0,PECHS,86921688.41
3867,4.0,3.0,Model Town,103757423.67
2081,,3.0,Bahria Town,57986689.66
3911,6.0,7.0,North Nazimabad,60583288.28
2566,4.0,5.0,DHA,106402424.56
3919,5.0,4.0,DHA,134058645.16
3159,3.0,2.0,Clifton,107655440.18
2240,3.0,3.0,Clifton,69957852.76
2048,2.0,1.0,Clifton,68574659.68
2941,4.0,5.0,Model Town,77495013.49
1620,2.0,3.0,Gulberg,49537416.16
4138,5.0,,Clifton,141710256.69
1189,1.0,2.0,Model Town,31737529.03
1085,1.0,2.0,Clifton,35442949.75
1847,2.0,3.0,Gulberg,56987839.85
3424,4.0,3.0,Gulshan,59992632.65
2435,3.0,4.0,Model Town,54111020.76
1865,2.0,2.0,DHA,71603216.76
1917,3.0,4.0,North Nazimabad,34018355.43
5001,7.0,6.0,North Nazimabad,75607505.16
5681,,8.0,PECHS,121154380.75
1131,1.0,2.0,Clifton,41601788.98
3171,4.0,5.0,Clifton,111798010.05
859,1.0,2.0,Model Town,23875714.0
1652,1.0,1.0,PECHS,33792534.96
3218,4.0,5.0,Clifton,113423988.49
1944,3.0,4.0,North Nazimabad,27453889.01
4668,5.0,6.0,Model Town,109248024.56
2359,3.0,2.0,Model Town,63133019.94
1323,2.0,3.0,Gulshan,25109361.39
